<?xml version="1.0" encoding="UTF-8"?><font><info face="PressStart2P-Regular" size="20" bold="0" italic="0" charset="" unicode="1" stretchH="100" smooth="1" aa="1" padding="1,1,1,1" spacing="1,1"/><common lineHeight="20" base="20" scaleW="249" scaleH="248" pages="1" packed="0"/><pages><page id="0" file="textFont.png"/></pages><chars count="91"><char id="32" x="0" y="0" width="0" height="0" xoffset="0" yoffset="0" xadvance="20" page="0" chnl="15"/><!--   --><char id="33" x="0" y="137" width="16" height="26" xoffset="2" yoffset="-3" xadvance="20" page="0" chnl="15"/><!-- ! --><char id="34" x="185" y="213" width="21" height="16" xoffset="-1" yoffset="-3" xadvance="20" page="0" chnl="15"/><!-- " --><char id="35" x="206" y="137" width="26" height="26" xoffset="-3" yoffset="-3" xadvance="20" page="0" chnl="15"/><!-- # --><char id="36" x="0" y="164" width="26" height="26" xoffset="-3" yoffset="-3" xadvance="20" page="0" chnl="15"/><!-- $ --><char id="37" x="44" y="137" width="26" height="26" xoffset="-3" yoffset="-3" xadvance="20" page="0" chnl="15"/><!-- % --><char id="38" x="27" y="164" width="26" height="26" xoffset="-3" yoffset="-3" xadvance="20" page="0" chnl="15"/><!-- & --><char id="39" x="207" y="213" width="13" height="16" xoffset="2" yoffset="-3" xadvance="20" page="0" chnl="15"/><!-- ' --><char id="40" x="98" y="137" width="18" height="26" xoffset="2" yoffset="-3" xadvance="20" page="0" chnl="15"/><!-- ( --><char id="41" x="117" y="137" width="19" height="26" xoffset="-1" yoffset="-3" xadvance="20" page="0" chnl="15"/><!-- ) --><char id="42" x="106" y="213" width="26" height="20" xoffset="-3" yoffset="0" xadvance="20" page="0" chnl="15"/><!-- * --><char id="43" x="133" y="213" width="24" height="20" xoffset="-1" yoffset="0" xadvance="20" page="0" chnl="15"/><!-- + --><char id="44" x="221" y="213" width="16" height="15" xoffset="-1" yoffset="10" xadvance="20" page="0" chnl="15"/><!-- , --><char id="45" x="63" y="235" width="24" height="10" xoffset="-1" yoffset="5" xadvance="20" page="0" chnl="15"/><!-- - --><char id="46" x="0" y="235" width="13" height="13" xoffset="2" yoffset="10" xadvance="20" page="0" chnl="15"/><!-- . --><char id="47" x="137" y="137" width="26" height="26" xoffset="-3" yoffset="-3" xadvance="20" page="0" chnl="15"/><!-- / --><char id="48" x="22" y="0" width="26" height="26" xoffset="-3" yoffset="-3" xadvance="20" page="0" chnl="15"/><!-- 0 --><char id="49" x="49" y="0" width="24" height="26" xoffset="-1" yoffset="-3" xadvance="20" page="0" chnl="15"/><!-- 1 --><char id="50" x="74" y="0" width="26" height="26" xoffset="-3" yoffset="-3" xadvance="20" page="0" chnl="15"/><!-- 2 --><char id="51" x="101" y="0" width="26" height="26" xoffset="-3" yoffset="-3" xadvance="20" page="0" chnl="15"/><!-- 3 --><char id="52" x="128" y="0" width="26" height="26" xoffset="-3" yoffset="-3" xadvance="20" page="0" chnl="15"/><!-- 4 --><char id="53" x="155" y="0" width="26" height="26" xoffset="-3" yoffset="-3" xadvance="20" page="0" chnl="15"/><!-- 5 --><char id="54" x="182" y="0" width="26" height="26" xoffset="-3" yoffset="-3" xadvance="20" page="0" chnl="15"/><!-- 6 --><char id="55" x="209" y="0" width="26" height="26" xoffset="-3" yoffset="-3" xadvance="20" page="0" chnl="15"/><!-- 7 --><char id="56" x="0" y="29" width="26" height="26" xoffset="-3" yoffset="-3" xadvance="20" page="0" chnl="15"/><!-- 8 --><char id="57" x="27" y="29" width="26" height="26" xoffset="-3" yoffset="-3" xadvance="20" page="0" chnl="15"/><!-- 9 --><char id="58" x="236" y="0" width="13" height="20" xoffset="2" yoffset="0" xadvance="20" page="0" chnl="15"/><!-- : --><char id="59" x="233" y="137" width="16" height="23" xoffset="-1" yoffset="0" xadvance="20" page="0" chnl="15"/><!-- ; --><char id="61" x="158" y="213" width="26" height="16" xoffset="-3" yoffset="2" xadvance="20" page="0" chnl="15"/><!-- = --><char id="63" x="71" y="137" width="26" height="26" xoffset="-3" yoffset="-3" xadvance="20" page="0" chnl="15"/><!-- ? --><char id="64" x="179" y="137" width="26" height="26" xoffset="-3" yoffset="-3" xadvance="20" page="0" chnl="15"/><!-- @ --><char id="65" x="25" y="56" width="26" height="26" xoffset="-3" yoffset="-3" xadvance="20" page="0" chnl="15"/><!-- A --><char id="66" x="52" y="56" width="26" height="26" xoffset="-3" yoffset="-3" xadvance="20" page="0" chnl="15"/><!-- B --><char id="67" x="79" y="56" width="26" height="26" xoffset="-3" yoffset="-3" xadvance="20" page="0" chnl="15"/><!-- C --><char id="68" x="106" y="56" width="26" height="26" xoffset="-3" yoffset="-3" xadvance="20" page="0" chnl="15"/><!-- D --><char id="69" x="133" y="56" width="26" height="26" xoffset="-3" yoffset="-3" xadvance="20" page="0" chnl="15"/><!-- E --><char id="70" x="160" y="56" width="26" height="26" xoffset="-3" yoffset="-3" xadvance="20" page="0" chnl="15"/><!-- F --><char id="71" x="187" y="56" width="26" height="26" xoffset="-3" yoffset="-3" xadvance="20" page="0" chnl="15"/><!-- G --><char id="72" x="214" y="56" width="26" height="26" xoffset="-3" yoffset="-3" xadvance="20" page="0" chnl="15"/><!-- H --><char id="73" x="0" y="83" width="24" height="26" xoffset="-1" yoffset="-3" xadvance="20" page="0" chnl="15"/><!-- I --><char id="74" x="25" y="83" width="26" height="26" xoffset="-3" yoffset="-3" xadvance="20" page="0" chnl="15"/><!-- J --><char id="75" x="52" y="83" width="26" height="26" xoffset="-3" yoffset="-3" xadvance="20" page="0" chnl="15"/><!-- K --><char id="76" x="79" y="83" width="24" height="26" xoffset="-1" yoffset="-3" xadvance="20" page="0" chnl="15"/><!-- L --><char id="77" x="104" y="83" width="26" height="26" xoffset="-3" yoffset="-3" xadvance="20" page="0" chnl="15"/><!-- M --><char id="78" x="131" y="83" width="26" height="26" xoffset="-3" yoffset="-3" xadvance="20" page="0" chnl="15"/><!-- N --><char id="79" x="158" y="83" width="26" height="26" xoffset="-3" yoffset="-3" xadvance="20" page="0" chnl="15"/><!-- O --><char id="80" x="185" y="83" width="26" height="26" xoffset="-3" yoffset="-3" xadvance="20" page="0" chnl="15"/><!-- P --><char id="81" x="212" y="83" width="26" height="26" xoffset="-3" yoffset="-3" xadvance="20" page="0" chnl="15"/><!-- Q --><char id="82" x="0" y="110" width="26" height="26" xoffset="-3" yoffset="-3" xadvance="20" page="0" chnl="15"/><!-- R --><char id="83" x="27" y="110" width="26" height="26" xoffset="-3" yoffset="-3" xadvance="20" page="0" chnl="15"/><!-- S --><char id="84" x="54" y="110" width="24" height="26" xoffset="-1" yoffset="-3" xadvance="20" page="0" chnl="15"/><!-- T --><char id="85" x="79" y="110" width="26" height="26" xoffset="-3" yoffset="-3" xadvance="20" page="0" chnl="15"/><!-- U --><char id="86" x="106" y="110" width="26" height="26" xoffset="-3" yoffset="-3" xadvance="20" page="0" chnl="15"/><!-- V --><char id="87" x="133" y="110" width="26" height="26" xoffset="-3" yoffset="-3" xadvance="20" page="0" chnl="15"/><!-- W --><char id="88" x="160" y="110" width="26" height="26" xoffset="-3" yoffset="-3" xadvance="20" page="0" chnl="15"/><!-- X --><char id="89" x="187" y="110" width="24" height="26" xoffset="-1" yoffset="-3" xadvance="20" page="0" chnl="15"/><!-- Y --><char id="90" x="212" y="110" width="26" height="26" xoffset="-3" yoffset="-3" xadvance="20" page="0" chnl="15"/><!-- Z --><char id="91" x="93" y="164" width="18" height="26" xoffset="2" yoffset="-3" xadvance="20" page="0" chnl="15"/><!-- [ --><char id="93" x="112" y="164" width="19" height="26" xoffset="-1" yoffset="-3" xadvance="20" page="0" chnl="15"/><!-- ] --><char id="94" x="14" y="235" width="21" height="13" xoffset="-1" yoffset="-3" xadvance="20" page="0" chnl="15"/><!-- ^ --><char id="95" x="36" y="235" width="26" height="10" xoffset="-3" yoffset="15" xadvance="20" page="0" chnl="15"/><!-- _ --><char id="97" x="0" y="191" width="26" height="21" xoffset="-3" yoffset="2" xadvance="20" page="0" chnl="15"/><!-- a --><char id="98" x="54" y="29" width="26" height="26" xoffset="-3" yoffset="-3" xadvance="20" page="0" chnl="15"/><!-- b --><char id="99" x="27" y="191" width="26" height="21" xoffset="-3" yoffset="2" xadvance="20" page="0" chnl="15"/><!-- c --><char id="100" x="81" y="29" width="26" height="26" xoffset="-3" yoffset="-3" xadvance="20" page="0" chnl="15"/><!-- d --><char id="101" x="54" y="191" width="26" height="21" xoffset="-3" yoffset="2" xadvance="20" page="0" chnl="15"/><!-- e --><char id="102" x="108" y="29" width="24" height="26" xoffset="-1" yoffset="-3" xadvance="20" page="0" chnl="15"/><!-- f --><char id="103" x="132" y="164" width="26" height="23" xoffset="-3" yoffset="2" xadvance="20" page="0" chnl="15"/><!-- g --><char id="104" x="133" y="29" width="26" height="26" xoffset="-3" yoffset="-3" xadvance="20" page="0" chnl="15"/><!-- h --><char id="105" x="160" y="29" width="24" height="26" xoffset="-1" yoffset="-3" xadvance="20" page="0" chnl="15"/><!-- i --><char id="106" x="0" y="0" width="21" height="28" xoffset="-1" yoffset="-3" xadvance="20" page="0" chnl="15"/><!-- j --><char id="107" x="185" y="29" width="26" height="26" xoffset="-3" yoffset="-3" xadvance="20" page="0" chnl="15"/><!-- k --><char id="108" x="212" y="29" width="24" height="26" xoffset="-1" yoffset="-3" xadvance="20" page="0" chnl="15"/><!-- l --><char id="109" x="81" y="191" width="26" height="21" xoffset="-3" yoffset="2" xadvance="20" page="0" chnl="15"/><!-- m --><char id="110" x="108" y="191" width="26" height="21" xoffset="-3" yoffset="2" xadvance="20" page="0" chnl="15"/><!-- n --><char id="111" x="135" y="191" width="26" height="21" xoffset="-3" yoffset="2" xadvance="20" page="0" chnl="15"/><!-- o --><char id="112" x="159" y="164" width="26" height="23" xoffset="-3" yoffset="2" xadvance="20" page="0" chnl="15"/><!-- p --><char id="113" x="186" y="164" width="26" height="23" xoffset="-3" yoffset="2" xadvance="20" page="0" chnl="15"/><!-- q --><char id="114" x="162" y="191" width="24" height="21" xoffset="-1" yoffset="2" xadvance="20" page="0" chnl="15"/><!-- r --><char id="115" x="187" y="191" width="26" height="21" xoffset="-3" yoffset="2" xadvance="20" page="0" chnl="15"/><!-- s --><char id="116" x="0" y="56" width="24" height="26" xoffset="-1" yoffset="-3" xadvance="20" page="0" chnl="15"/><!-- t --><char id="117" x="214" y="191" width="26" height="21" xoffset="-3" yoffset="2" xadvance="20" page="0" chnl="15"/><!-- u --><char id="118" x="0" y="213" width="24" height="21" xoffset="-1" yoffset="2" xadvance="20" page="0" chnl="15"/><!-- v --><char id="119" x="25" y="213" width="26" height="21" xoffset="-3" yoffset="2" xadvance="20" page="0" chnl="15"/><!-- w --><char id="120" x="52" y="213" width="26" height="21" xoffset="-3" yoffset="2" xadvance="20" page="0" chnl="15"/><!-- x --><char id="121" x="213" y="164" width="26" height="23" xoffset="-3" yoffset="2" xadvance="20" page="0" chnl="15"/><!-- y --><char id="122" x="79" y="213" width="26" height="21" xoffset="-3" yoffset="2" xadvance="20" page="0" chnl="15"/><!-- z --><char id="123" x="54" y="164" width="18" height="26" xoffset="2" yoffset="-3" xadvance="20" page="0" chnl="15"/><!-- { --><char id="124" x="164" y="137" width="14" height="26" xoffset="4" yoffset="-3" xadvance="20" page="0" chnl="15"/><!-- | --><char id="125" x="73" y="164" width="19" height="26" xoffset="-1" yoffset="-3" xadvance="20" page="0" chnl="15"/><!-- } --><char id="8470" x="17" y="137" width="26" height="26" xoffset="-3" yoffset="-3" xadvance="20" page="0" chnl="15"/><!-- № --></chars></font>